{"shopping": [0.7583208571492259, 0.07983280534192891, -0.03213038061126862], "cooking": [0.0, 0.0, 0.0], "serving": [0.0, 0.0, 0.0]}