{"shopping": [0.0028202845065031495, -0.005602854046707237, 0.010255842440629607], "cooking": [0.0, 0.0, 0.0], "serving": [0.0, 0.0, 0.0]}