{"shopping": [0.2019757705076146, 0.03638557457696927, 0.014385755963953868], "cooking": [0.0, 0.0, 0.0], "serving": [0.0, 0.0, 0.0]}