{"shopping": [1.6390392573291976, 0.1990628243037032, 0.17432029664490772], "cooking": [1.6469370676884587, -0.23910706044326244, -1.5455148438122652], "serving": [0.0, 0.0, 0.0]}