{"shopping": [0.7070146712388307, 1.7203996638093444, 1.5213219633291277], "cooking": [1.1309835838656048, 0.28150053963740446, -0.007327907481102413], "serving": [0.20911128461719078, 0.24420753743294243, 0.41283893729534005]}