{"shopping": [0.014910870917001577, -0.02786047586751255, -0.007585386714702269], "cooking": [0.0, 0.0, 0.0], "serving": [0.0, 0.0, 0.0]}